{
  "number": 6,
  "id": "006",
  "type": "FourTriangles",
  "task": "What is the value of x in the equation:\n2x + 5 = 15?",
  "task_object": {
    "triangles": [
      {
        "number": "1",
        "angle1": "3",
        "angle2": "4",
        "angle3": "6",
        "angle4": "6"
      },
      {
        "number": "2",
        "angle1": "4",
        "angle2": "2",
        "angle3": "8",
        "angle4": "24"
      },
      {
        "number": "3",
        "angle1": "2",
        "angle2": "5",
        "angle3": "9",
        "angle4": "8"
      }
    ]
  },
  "answer": "25",
  "hint": "Hint: First, subtract 5 from both sides of the equation."
}